Date,IV,RV,VRP (IV - RV)
2021-02-02,25.559999465942383,17.334340465061977,8.225659000880405
2021-02-03,22.90999984741211,17.21755822453894,5.692441622873169
2021-02-04,21.770000457763672,17.48077804829486,4.289222409468813
2021-02-05,20.8700008392334,16.81257024875683,4.057430590476567
2021-02-08,21.239999771118164,16.891586865397944,4.34841290572022
2021-02-09,21.6299991607666,16.668970714255675,4.961028446510927
2021-02-10,21.989999771118164,16.677405311434015,5.312594459684149
2021-02-11,21.25,16.674617579606362,4.5753824203936375
2021-02-12,19.969999313354492,16.599020789042935,3.370978524311557
2021-02-16,21.459999084472656,16.284782657966172,5.175216426506484
2021-02-17,21.5,16.149215678218784,5.350784321781216
2021-02-18,22.489999771118164,15.623063348828218,6.866936422289946
2021-02-19,22.049999237060547,15.651000827310835,6.398998409749712
2021-02-22,23.450000762939453,15.889048548639796,7.5609522142996575
2021-02-23,23.110000610351562,15.84896755965112,7.261033050700442
2021-02-24,21.34000015258789,16.296377149175783,5.043623003412108
2021-02-25,28.889999389648438,16.029893221959533,12.860106167688905
2021-02-26,27.950000762939453,15.812702683549965,12.137298079389488
2021-03-01,23.350000381469727,16.03402562690778,7.315974754561946
2021-03-02,24.100000381469727,15.622555444245052,8.477444937224675
2021-03-03,26.670000076293945,15.682530392484232,10.987469683809714
2021-03-04,28.56999969482422,16.379209843019908,12.190789851804311
2021-03-05,24.65999984741211,17.424780131916293,7.235219715495816
2021-03-08,25.469999313354492,17.433517341274886,8.036481972079606
2021-03-09,24.030000686645508,18.00363940799675,6.026361278648757
2021-03-10,22.559999465942383,18.149324281495478,4.410675184446905
2021-03-11,21.90999984741211,18.527303042562597,3.3826968048495125
2021-03-12,20.690000534057617,18.522774635339438,2.167225898718179
2021-03-15,20.030000686645508,18.588575391055663,1.4414252955898448
2021-03-16,19.790000915527344,18.599124480100762,1.1908764354265813
2021-03-17,19.229999542236328,18.617711030621162,0.6122885116151657
2021-03-18,21.579999923706055,19.342361247666556,2.2376386760394986
2021-03-19,20.950000762939453,19.331352977129022,1.6186477858104311
2021-03-22,18.8799991607666,19.2468969321856,-0.3668977714189978
2021-03-23,20.299999237060547,19.478920453704145,0.8210787833564019
2021-03-24,21.200000762939453,19.13936055311384,2.060640209825614
2021-03-25,19.809999465942383,16.91739182082827,2.8926076451141114
2021-03-26,18.860000610351562,17.619232920810052,1.24076768954151
2021-03-29,20.739999771118164,15.711396189865019,5.0286035812531455
2021-03-30,19.610000610351562,15.431309358431488,4.178691251920075
2021-03-31,19.399999618530273,14.492651444776541,4.907348173753732
2021-04-01,17.329999923706055,13.665972680374033,3.664027243332022
2021-04-05,17.90999984741211,12.987019017327603,4.922980830084507
2021-04-06,18.1200008392334,12.702440145596261,5.417560693637137
2021-04-07,17.15999984741211,12.044467732293835,5.115532115118274
2021-04-08,16.950000762939453,11.993093132521233,4.95690763041822
2021-04-09,16.690000534057617,11.797939275976226,4.892061258081391
2021-04-12,16.90999984741211,11.823899527314644,5.086100320097465
2021-04-13,16.649999618530273,11.728164036107886,4.921835582422387
2021-04-14,16.989999771118164,11.867251245637938,5.122748525480226
2021-04-15,16.56999969482422,12.292478854864598,4.277520839959621
2021-04-16,16.25,10.460457091467582,5.789542908532418
2021-04-19,17.290000915527344,10.82371813049111,6.466282785036233
2021-04-20,18.68000030517578,11.266228973421185,7.413771331754596
2021-04-21,17.5,10.854525038442613,6.645474961557387
2021-04-22,18.709999084472656,11.32920068950632,7.380798394966336
2021-04-23,17.329999923706055,11.644688149951776,5.685311773754279
2021-04-26,17.639999389648438,10.562288860770169,7.077710528878269
2021-04-27,17.559999465942383,10.536251559370635,7.023747906571748
2021-04-28,17.280000686645508,10.398087336843938,6.88191334980157
2021-04-29,17.610000610351562,10.490927256719663,7.119073353631899
2021-04-30,18.610000610351562,10.532572343516636,8.077428266834927
2021-05-03,18.309999465942383,9.478199722996418,8.831799742945964
2021-05-04,19.479999542236328,9.877039196394097,9.60296034584223
2021-05-05,19.149999618530273,9.876969326389794,9.27303029214048
2021-05-06,18.389999389648438,10.137367275853347,8.25263211379509
2021-05-07,16.690000534057617,10.109116868548234,6.580883665509383
2021-05-10,19.65999984741211,10.93035441139396,8.72964543601815
2021-05-11,21.84000015258789,11.378152484562342,10.461847668025548
2021-05-12,27.59000015258789,13.716157147158542,13.873843005429348
2021-05-13,23.1299991607666,13.842349622258912,9.28764953850769
2021-05-14,18.809999465942383,14.83972869397013,3.9702707719722525
2021-05-17,19.719999313354492,14.743309961458188,4.9766893518963045
2021-05-18,21.34000015258789,14.86172024956596,6.47827990302193
2021-05-19,22.18000030517578,14.469811163909222,7.710189141266559
2021-05-20,20.670000076293945,14.618564494151464,6.0514355821424815
2021-05-21,20.149999618530273,14.075278582405288,6.074721036124986
2021-05-24,18.399999618530273,14.518466937609679,3.8815326809205946
2021-05-25,18.84000015258789,14.54004487976667,4.2999552728212205
2021-05-26,17.360000610351562,14.550706738624433,2.80929387172713
2021-05-27,16.739999771118164,14.349136370027782,2.3908634010903818
2021-05-28,16.760000228881836,14.103344772322387,2.6566554565594487
2021-06-01,17.899999618530273,14.074907580205801,3.825092038324472
2021-06-02,17.479999542236328,13.847150515529064,3.632849026707264
2021-06-03,18.040000915527344,13.9249170902914,4.115083825235944
2021-06-04,16.420000076293945,13.976258304970827,2.4437417713231184
2021-06-07,16.420000076293945,13.731230893208737,2.688769183085208
2021-06-08,17.06999969482422,13.168280975611712,3.901718719212507
2021-06-09,17.889999389648438,12.752345702478065,5.137653687170372
2021-06-10,16.100000381469727,9.638578655039652,6.461421726430075
2021-06-11,15.649999618530273,8.889236530690212,6.760763087840061
2021-06-14,16.389999389648438,7.403852807047715,8.986146582600721
2021-06-15,17.020000457763672,7.373533581260254,9.646466876503418
2021-06-16,18.149999618530273,6.902596008726686,11.247403609803587
2021-06-17,17.75,6.761048642504279,10.988951357495722
2021-06-18,20.700000762939453,7.649985557385108,13.050015205554345
2021-06-21,17.889999389648438,9.072568591280913,8.817430798367525
2021-06-22,16.65999984741211,8.5885203662884,8.07147948112371
2021-06-23,16.31999969482422,8.552717495956225,7.767282198867994
2021-06-24,15.970000267028809,8.739081327690963,7.230918939337846
2021-06-25,15.619999885559082,8.783486382194283,6.836513503364799
2021-06-28,15.760000228881836,8.796546987451379,6.963453241430457
2021-06-29,16.020000457763672,8.783246370723901,7.23675408703977
2021-06-30,15.829999923706055,8.782650374201758,7.047349549504297
2021-07-01,15.479999542236328,8.717560014954442,6.762439527281886
2021-07-02,15.069999694824219,8.582154838180694,6.487844856643525
2021-07-06,16.440000534057617,8.63520596164835,7.804794572409268
2021-07-07,16.200000762939453,8.650773605638525,7.549227157300928
2021-07-08,19.0,9.307681444412786,9.692318555587214
2021-07-09,16.18000030517578,9.904683947174856,6.275316358000925
2021-07-12,16.170000076293945,9.927614270763874,6.242385805530072
2021-07-13,17.1200008392334,10.091016499792943,7.028984339440456
2021-07-14,16.329999923706055,10.014421017543071,6.315578906162983
2021-07-15,17.010000228881836,9.846842331514184,7.163157897367652
2021-07-16,18.450000762939453,10.353640734447335,8.096360028492118
2021-07-19,22.5,10.901700575704472,11.598299424295528
2021-07-20,19.729999542236328,11.08597302891008,8.644026513326247
2021-07-21,17.90999984741211,11.285445111967684,6.624554735444425
2021-07-22,17.690000534057617,11.252017305323465,6.4379832287341525
2021-07-23,17.200000762939453,11.570740101987194,5.629260660952259
2021-07-26,17.579999923706055,11.557709252274673,6.0222906714313815
2021-07-27,19.360000610351562,11.770275968744967,7.589724641606596
2021-07-28,18.309999465942383,11.776638194053856,6.533361271888527
2021-07-29,17.700000762939453,11.82303937624949,5.876961386689963
2021-07-30,18.239999771118164,11.969542114913397,6.270457656204767
2021-08-02,19.459999084472656,11.742075184993228,7.717923899479429
2021-08-03,18.040000915527344,12.017465909710854,6.02253500581649
2021-08-04,17.969999313354492,12.136295578756801,5.833703734597691
2021-08-05,17.280000686645508,11.78399695700537,5.4960037296401385
2021-08-06,16.149999618530273,11.18397278204925,4.966026836481024
2021-08-09,16.719999313354492,11.152642100462295,5.5673572128921975
2021-08-10,16.790000915527344,11.049089407646761,5.740911507880583
2021-08-11,16.170000076293945,11.049686998661254,5.120313077632691
2021-08-12,15.59000015258789,11.0031406530152,4.586859499572691
2021-08-13,15.449999809265137,10.510805587146107,4.9391942221190295
2021-08-16,16.1200008392334,8.200022441850951,7.919978397382447
2021-08-17,17.90999984741211,7.4485884101926345,10.461411437219475
2021-08-18,21.56999969482422,8.174788646887796,13.395211047936423
2021-08-19,21.670000076293945,8.160255720932778,13.509744355361168
2021-08-20,18.559999465942383,7.873981332606617,10.686018133335766
2021-08-23,17.149999618530273,8.367154278848602,8.782845339681671
2021-08-24,17.219999313354492,8.125846132422527,9.094153180931965
2021-08-25,16.790000915527344,8.125915597301134,8.66408531822621
2021-08-26,18.84000015258789,8.391194217552604,10.448805935035287
2021-08-27,16.389999389648438,8.557178503382715,7.832820886265722
2021-08-30,16.190000534057617,8.537290211506816,7.652710322550801
2021-08-31,16.479999542236328,8.227082458453305,8.252917083783023
2021-09-01,16.110000610351562,7.9506739629452055,8.159326647406356
2021-09-02,16.40999984741211,7.784447296654412,8.625552550757696
2021-09-03,16.40999984741211,7.800973017791538,8.609026829620571
2021-09-07,18.139999389648438,7.934222779846296,10.205776609802141
2021-09-08,17.959999084472656,7.976049411177925,9.983949673294731
2021-09-09,18.799999237060547,8.206577721296114,10.593421515764433
2021-09-10,20.950000762939453,8.596889978916318,12.353110784023135
2021-09-13,19.3700008392334,8.616943836403061,10.753057002830337
2021-09-14,19.459999084472656,8.792085896271109,10.667913188201547
2021-09-15,18.18000030517578,8.954294011620414,9.225706293555367
2021-09-16,18.690000534057617,7.971511469919153,10.718489064138463
2021-09-17,20.809999465942383,8.718614363382743,12.09138510255964
2021-09-20,25.709999084472656,10.198940093672826,15.51105899079983
2021-09-21,24.360000610351562,9.57204627312422,14.787954337227342
2021-09-22,20.8700008392334,10.286651627077516,10.583349212155882
2021-09-23,18.6299991607666,11.246310412062911,7.38368874870369
2021-09-24,17.75,11.08622445538747,6.66377554461253
2021-09-27,18.760000228881836,10.599420206146965,8.160580022734871
2021-09-28,23.25,12.532209054646284,10.717790945353716
2021-09-29,22.559999465942383,12.594427782087832,9.96557168385455
2021-09-30,23.139999389648438,13.063341878408222,10.076657511240215
2021-10-01,21.100000381469727,13.856227424080652,7.243772957389075
2021-10-04,22.959999084472656,14.378101407288638,8.581897677184019
2021-10-05,21.299999237060547,15.107752921326426,6.1922463157341205
2021-10-06,21.0,15.259955534907435,5.740044465092565
2021-10-07,19.540000915527344,15.613814568565374,3.9261863469619698
2021-10-08,18.770000457763672,15.417808310793236,3.3521921469704363
2021-10-11,20.0,15.521424952383617,4.478575047616383
2021-10-12,19.850000381469727,15.436708457298836,4.41329192417089
2021-10-13,18.639999389648438,15.111263977844988,3.5287354118034493
2021-10-14,16.860000610351562,16.43811043546702,0.42189017488454184
2021-10-15,16.299999237060547,16.320403949978733,-0.020404712918185908
2021-10-18,16.309999465942383,14.961474921039189,1.348524544903194
2021-10-19,15.699999809265137,15.078231391767675,0.6217684174974618
2021-10-20,15.489999771118164,14.828146540330692,0.6618532307874716
2021-10-21,15.010000228881836,14.318022857075732,0.6919773718061037
2021-10-22,15.430000305175781,14.338269333131917,1.0917309720438642
2021-10-25,15.239999771118164,14.324138476949427,0.915861294168737
2021-10-26,15.979999542236328,11.748052759293676,4.231946782942652
2021-10-27,16.979999542236328,12.049052001687224,4.930947540549104
2021-10-28,16.530000686645508,11.101116921626843,5.428883765018664
2021-10-29,16.260000228881836,10.676464549331895,5.583535679549941
2021-11-01,16.40999984741211,8.908281873612077,7.501717973800032
2021-11-02,16.030000686645508,8.522905980347387,7.507094706298121
2021-11-03,15.100000381469727,8.596827612774078,6.503172768695649
2021-11-04,15.4399995803833,8.40352874193727,7.03647083844603
2021-11-05,16.479999542236328,8.193999048422153,8.286000493814175
2021-11-08,17.219999313354492,7.321028862139725,9.898970451214767
2021-11-09,17.780000686645508,7.45147449292284,10.328526193722668
2021-11-10,18.729999542236328,8.579318781575997,10.15068076066033
2021-11-11,17.65999984741211,6.894817459997136,10.765182387414974
2021-11-12,16.290000915527344,6.872106670338864,9.41789424518848
2021-11-15,16.489999771118164,6.907691297509566,9.582308473608599
2021-11-16,16.3700008392334,6.663702284494434,9.706298554738964
2021-11-17,17.110000610351562,6.821803185055862,10.2881974252957
2021-11-18,17.59000015258789,6.833268694475526,10.756731458112364
2021-11-19,17.90999984741211,6.851627284236768,11.058372563175341
2021-11-22,19.170000076293945,6.956907358164041,12.213092718129904
2021-11-23,19.3799991607666,6.955415554314266,12.424583606452336
2021-11-24,18.579999923706055,6.547713565018901,12.032286358687154
2021-11-26,28.6200008392334,10.354545631673476,18.265455207559924
2021-11-29,22.959999084472656,11.34697053775752,11.613028546715137
2021-11-30,27.190000534057617,13.304679974152913,13.885320559904704
2021-12-01,31.1200008392334,13.793382667611063,17.326618171622336
2021-12-02,27.950000762939453,14.605733378060698,13.344267384878755
2021-12-03,30.670000076293945,14.712876395197178,15.957123681096768
2021-12-06,27.18000030517578,15.345509650256018,11.834490654919763
2021-12-07,21.889999389648438,17.160207521777142,4.729791867871295
2021-12-08,19.899999618530273,17.14912915815591,2.7508704603743617
2021-12-09,21.579999923706055,17.084436733996448,4.495563189709607
2021-12-10,18.690000534057617,17.399909582622406,1.2900909514352108
2021-12-13,20.309999465942383,17.555447009725864,2.754552456216519
2021-12-14,21.889999389648438,17.747818325191094,4.142181064457343
2021-12-15,19.290000915527344,18.670565527367675,0.619435388159669
2021-12-16,20.56999969482422,18.916169653397564,1.6538300414266551
2021-12-17,21.56999969482422,19.19541373166671,2.3745859631575073
2021-12-20,22.8700008392334,19.55844903345493,3.3115518057784676
2021-12-21,21.010000228881836,20.669531104299864,0.340469124581972
2021-12-22,18.6299991607666,20.995440265505717,-2.3654411047391157
2021-12-23,17.959999084472656,21.09624388135469,-3.1362447968820355
2021-12-27,17.68000030517578,19.711946909991138,-2.0319466048153565
2021-12-28,17.540000915527344,19.297986947512662,-1.7579860319853182
2021-12-29,16.950000762939453,17.711631919767225,-0.7616311568277716
2021-12-30,17.329999923706055,17.027420733412203,0.3025791902938515
2021-12-31,17.219999313354492,16.593241611250544,0.6267577021039479
2022-01-03,16.600000381469727,16.17763746952469,0.4223629119450365
2022-01-04,16.90999984741211,15.866482860118209,1.0435169872939003
2022-01-05,19.729999542236328,16.09702603023514,3.6329735120011897
2022-01-06,19.610000610351562,16.0632656944363,3.5467349159152626
2022-01-07,18.760000228881836,15.915533863612536,2.8444663652693
2022-01-10,19.399999618530273,15.527512804160503,3.87248681436977
2022-01-11,18.40999984741211,15.520858231320611,2.889141616091498
2022-01-12,17.6200008392334,15.247887537195268,2.37211330203813
2022-01-13,20.309999465942383,15.057013565370445,5.252985900571938
2022-01-14,19.190000534057617,14.742600472495129,4.4474000615624885
2022-01-18,22.790000915527344,15.756302539327184,7.03369837620016
2022-01-19,23.850000381469727,15.608732493596248,8.241267887873478
2022-01-20,25.59000015258789,14.503891415517877,11.086108737070013
2022-01-21,28.850000381469727,15.010702160440662,13.839298221029065
2022-01-24,29.899999618530273,14.770210130258432,15.129789488271841
2022-01-25,31.15999984741211,13.589952311289421,17.570047536122686
2022-01-26,31.959999084472656,13.573237092814464,18.38676199165819
2022-01-27,30.489999771118164,13.375692609553017,17.114307161565147
2022-01-28,27.65999984741211,16.92220859586597,10.737791251546138
2022-01-31,24.829999923706055,18.713130054215387,6.116869869490667
2022-02-01,21.959999084472656,18.745069981436295,3.2149291030363614
2022-02-02,22.09000015258789,19.220620560788902,2.869379591798989
2022-02-03,24.350000381469727,19.90775652125338,4.442243860216347
2022-02-04,23.219999313354492,20.084746300118773,3.135253013235719
2022-02-07,22.860000610351562,20.080665996779636,2.779334613571926
2022-02-08,21.440000534057617,20.422760879602233,1.0172396544553841
2022-02-09,19.959999084472656,20.873438052414517,-0.9134389679418611
2022-02-10,23.90999984741211,21.643769383552307,2.2662304638598023
2022-02-11,27.360000610351562,22.05856251261162,5.301438097739943
2022-02-14,28.329999923706055,22.023417226436802,6.306582697269253
2022-02-15,25.700000762939453,22.14038710183854,3.5596136611009115
2022-02-16,24.290000915527344,21.915263852201928,2.3747370633254157
2022-02-17,28.110000610351562,22.852308653190313,5.257691957161249
2022-02-18,27.75,21.987143541489395,5.762856458510605
2022-02-22,28.809999465942383,22.207200682900364,6.602798783042019
2022-02-23,31.020000457763672,22.732662062494963,8.287338395268709
2022-02-24,30.31999969482422,23.4638809821767,6.856118712647518
2022-02-25,27.59000015258789,24.733999679447553,2.8560004731403374
2022-02-28,30.149999618530273,23.148345000602585,7.001654617927688
2022-03-01,33.31999969482422,22.536264364183037,10.783735330641182
2022-03-02,30.739999771118164,23.523477382327997,7.2165223887901675
2022-03-03,30.479999542236328,23.172992870719195,7.307006671517133
2022-03-04,31.979999542236328,21.768585447315054,10.211414094921274
2022-03-07,36.45000076293945,23.781247288840113,12.66875347409934
2022-03-08,35.130001068115234,23.81989841334711,11.310102654768123
2022-03-09,32.45000076293945,25.64973839665756,6.800262366281892
2022-03-10,30.229999542236328,24.83423582566041,5.395763716575917
2022-03-11,30.75,24.493864900544622,6.256135099455378
2022-03-14,31.770000457763672,23.8420395024522,7.927960955311473
2022-03-15,29.829999923706055,25.314345813650384,4.515654110055671
2022-03-16,26.670000076293945,25.996946640715468,0.6730534355784776
2022-03-17,25.670000076293945,26.433461420322963,-0.7634613440290181
2022-03-18,23.8700008392334,25.58973792647194,-1.719737087238542
2022-03-21,23.530000686645508,25.416867653704617,-1.8868669670591096
2022-03-22,22.940000534057617,25.272413308755436,-2.3324127746978185
2022-03-23,23.56999969482422,24.67743222554669,-1.1074325307224697
2022-03-24,21.670000076293945,24.638762933004827,-2.9687628567108817
2022-03-25,20.809999465942383,23.568909616491954,-2.7589101505495712
2022-03-28,19.6299991607666,23.586305415535065,-3.9563062547684638
2022-03-29,18.899999618530273,22.847908271059367,-3.947908652529094
2022-03-30,19.329999923706055,22.403810329295567,-3.073810405589512
2022-03-31,20.559999465942383,23.178100482015747,-2.618101016073364
2022-04-01,19.6299991607666,22.887273162014456,-3.257274001247854
2022-04-04,18.56999969482422,19.470957367244285,-0.9009576724200663
2022-04-05,21.030000686645508,19.982236101073674,1.0477645855718336
2022-04-06,22.100000381469727,18.877688939912034,3.222311441557693
2022-04-07,21.549999237060547,18.723172250038257,2.82682698702229
2022-04-08,21.15999984741211,17.906005020057446,3.2539948273546635
2022-04-11,24.3700008392334,18.957415767342177,5.412585071891222
2022-04-12,24.260000228881836,17.765602347866764,6.494397881015072
2022-04-13,21.81999969482422,16.454581838758507,5.3654178560657115
2022-04-14,22.700000762939453,16.527203372192655,6.172797390746798
2022-04-18,22.170000076293945,15.928634899716224,6.241365176577721
2022-04-19,21.3700008392334,17.002342609081783,4.367658230151616
2022-04-20,20.31999969482422,16.47651619842447,3.843483496399749
2022-04-21,22.68000030517578,16.73678551760695,5.943214787568831
2022-04-22,28.209999084472656,18.393701612437514,9.816297472035142
2022-04-25,27.020000457763672,18.430718337251896,8.589282120511776
2022-04-26,33.52000045776367,20.154382438733105,13.365618019030567
2022-04-27,31.600000381469727,19.34363228264193,12.256368098827796
2022-04-28,29.989999771118164,21.98502819288266,8.004971578235505
2022-04-29,33.400001525878906,24.67005373053692,8.729947795341985
2022-05-02,32.34000015258789,24.77986456341777,7.56013558917012
2022-05-03,29.25,24.588551894283146,4.661448105716854
2022-05-04,25.420000076293945,27.174358851351755,-1.7543587750578098
2022-05-05,31.200000762939453,29.63035908375456,1.569641679184894
2022-05-06,30.190000534057617,29.47869960963511,0.7113009244225061
2022-05-09,34.75,31.113637558143292,3.6363624418567078
2022-05-10,32.9900016784668,30.95534470239343,2.034656976073368
2022-05-11,32.560001373291016,31.22448304039933,1.3355183328916844
2022-05-12,31.770000457763672,30.651443755370806,1.1185567023928655
2022-05-13,28.8700008392334,32.305620177026576,-3.4356193377931774
2022-05-16,27.469999313354492,32.26869174643177,-4.798692433077278
2022-05-17,26.100000381469727,32.638748417967825,-6.538748036498099
2022-05-18,30.959999084472656,35.110269794516356,-4.150270710043699
2022-05-19,29.350000381469727,34.96759714143066,-5.617596759960932
2022-05-20,29.43000030517578,34.016055076472576,-4.586054771296794
2022-05-23,28.479999542236328,34.81168195907848,-6.331682416842149
2022-05-24,29.450000762939453,33.62893333469291,-4.178932571753457
2022-05-25,28.3700008392334,33.87165370707966,-5.501652867846261
2022-05-26,27.5,33.40833832031323,-5.908338320313227
2022-05-27,25.719999313354492,32.155979872156216,-6.435980558801724
2022-05-31,26.190000534057617,32.17254145822542,-5.9825409241678
2022-06-01,25.690000534057617,32.210865141108094,-6.520864607050477
2022-06-02,24.719999313354492,31.039616515523537,-6.319617202169045
2022-06-03,24.790000915527344,28.805580566678447,-4.0155796511511035
2022-06-06,25.06999969482422,28.76349553445135,-3.6934958396271327
2022-06-07,24.020000457763672,26.2139112608007,-2.193910803037028
2022-06-08,23.959999084472656,26.61118159494988,-2.6511825104772235
2022-06-09,26.09000015258789,27.40416781312094,-1.3141676605330481
2022-06-10,27.75,29.479063417278596,-1.7290634172785957
2022-06-13,34.02000045776367,31.14308280134526,2.8769176564184136
2022-06-14,32.689998626708984,31.14283007088052,1.5471685558284634
2022-06-15,29.6200008392334,30.651343213668287,-1.0313423744348889
2022-06-16,32.95000076293945,29.439540410717296,3.5104603522221574
2022-06-17,31.1299991607666,29.48876373348811,1.6412354272784917
2022-06-21,30.190000534057617,31.021563294850157,-0.83156276079254
2022-06-22,28.950000762939453,30.09745897608115,-1.1474582131416966
2022-06-23,29.049999237060547,30.329129520665767,-1.2791302836052196
2022-06-24,27.229999542236328,32.18437008317462,-4.954370540938292
2022-06-27,26.950000762939453,31.25838904044884,-4.308388277509387
2022-06-28,28.360000610351562,30.26416663116552,-1.9041660208139568
2022-06-29,28.15999984741211,30.278331897054723,-2.118332049642614
2022-06-30,28.709999084472656,30.301884482334195,-1.5918853978615388
2022-07-01,26.700000762939453,29.66363015936817,-2.9636293964287184
2022-07-05,27.540000915527344,29.379064023638477,-1.8390631081111337
2022-07-06,26.729999542236328,29.39245391689485,-2.662454374658523
2022-07-07,26.079999923706055,29.76609565097664,-3.6860957272705868
2022-07-08,24.639999389648438,29.636729719083544,-4.996730329435106
2022-07-11,26.170000076293945,28.759898144285074,-2.589898067991129
2022-07-12,27.290000915527344,27.041607229184418,0.2483936863429257
2022-07-13,26.81999969482422,22.984132109230718,3.835867585593501
2022-07-14,26.399999618530273,22.965716228900217,3.434283389630057
2022-07-15,24.229999542236328,23.37844802479735,0.8515515174389776
2022-07-18,25.299999237060547,20.01826994583478,5.281729291225766
2022-07-19,24.5,21.90645382404439,2.593546175955609
2022-07-20,23.8799991607666,20.528083915353328,3.3519152454132737
2022-07-21,23.110000610351562,20.632034554810236,2.4779660555413265
2022-07-22,23.030000686645508,20.93958202067525,2.090418665970258
2022-07-25,23.360000610351562,18.14728358185475,5.212717028496812
2022-07-26,24.690000534057617,18.63153593169746,6.058464602360157
2022-07-27,23.239999771118164,19.058416957247527,4.181582813870637
2022-07-28,22.329999923706055,19.303820872283538,3.026179051422517
2022-07-29,21.329999923706055,19.12476315713187,2.2052367665741848
2022-08-01,22.84000015258789,19.142425660839667,3.697574491748224
2022-08-02,23.93000030517578,19.485232701201625,4.444767603974157
2022-08-03,21.950000762939453,19.964399693780535,1.9856010691589177
2022-08-04,21.440000534057617,19.592187138324835,1.847813395732782
2022-08-05,21.149999618530273,19.61538623768927,1.5346133808410052
2022-08-08,21.290000915527344,18.92165856663974,2.368342348887605
2022-08-09,21.770000457763672,18.54881551183222,3.2211849459314514
2022-08-10,19.739999771118164,19.23643842816892,0.5035613429492436
2022-08-11,20.200000762939453,19.125006141493657,1.0749946214457964
2022-08-12,19.530000686645508,18.958887325592755,0.5711133610527526
2022-08-15,19.950000762939453,18.28518810470505,1.6648126582344034
2022-08-16,19.690000534057617,16.4527829312352,3.237217602822419
2022-08-17,19.899999618530273,16.95765279945193,2.9423468190783417
2022-08-18,19.559999465942383,16.81471425022646,2.745285215715924
2022-08-19,20.600000381469727,17.223214556122045,3.3767858253476817
2022-08-22,23.799999237060547,19.36036441662767,4.439634820432875
2022-08-23,24.110000610351562,18.755772651975867,5.354227958375695
2022-08-24,22.81999969482422,16.63377085621454,6.186228838609679
2022-08-25,21.780000686645508,16.81074024358005,4.969260443065458
2022-08-26,25.559999465942383,20.39837957315255,5.161619892789833
2022-08-29,26.209999084472656,20.49292635025378,5.717072734218878
2022-08-30,26.209999084472656,20.71118195224032,5.498817132232336
2022-08-31,25.8700008392334,19.83695690660431,6.033043932629088
2022-09-01,25.559999465942383,19.924505089541853,5.63549437640053
2022-09-02,25.469999313354492,20.149121342532993,5.320877970821499
2022-09-06,26.90999984741211,20.14649440546282,6.763505441949288
2022-09-07,24.639999389648438,21.473227212276377,3.16677217737206
2022-09-08,23.610000610351562,19.996057286935496,3.6139433234160663
2022-09-09,22.790000915527344,20.95294091477786,1.837060000749485
2022-09-12,23.8700008392334,20.28139959417486,3.5886012450585376
2022-09-13,27.270000457763672,25.042535419207084,2.2274650385565877
2022-09-14,26.15999984741211,25.098526014316807,1.0614738330953024
2022-09-15,26.270000457763672,25.20416140919407,1.0658390485696003
2022-09-16,26.299999237060547,25.08780844286051,1.212190794200037
2022-09-19,25.760000228881836,25.24083344210193,0.5191667867799055
2022-09-20,27.15999984741211,24.54427838575593,2.615721461656179
2022-09-21,27.989999771118164,25.01448095132802,2.9755188197901425
2022-09-22,27.350000381469727,24.9062973650679,2.4437030164018267
2022-09-23,29.920000076293945,24.239134675334974,5.680865400958972
2022-09-26,32.2599983215332,21.976826504747514,10.28317181678569
2022-09-27,32.599998474121094,21.99625005851408,10.603748415607015
2022-09-28,30.18000030517578,23.4985505053211,6.681449799854683
2022-09-29,31.84000015258789,24.30744814472665,7.532552007861241
2022-09-30,31.6200008392334,24.45544821867756,7.164552620555838
2022-10-03,30.100000381469727,26.630393857576628,3.4696065238930984
2022-10-04,29.06999969482422,29.136091168702965,-0.06609147387874614
2022-10-05,28.549999237060547,28.191797657333378,0.3582015797271687
2022-10-06,30.520000457763672,28.10422418776186,2.4157762700018104
2022-10-07,31.360000610351562,28.54426631530193,2.8157342950496336
2022-10-10,32.45000076293945,27.90728582602427,4.542714936915182
2022-10-11,33.630001068115234,24.09335162303365,9.536649445081583
2022-10-12,33.56999969482422,23.916842544543705,9.653157150280514
2022-10-13,31.940000534057617,26.09785044508785,5.842150088969767
2022-10-14,32.02000045776367,27.107763425030885,4.9122370327327864
2022-10-17,31.3700008392334,28.925831054823064,2.4441697844103345
2022-10-18,30.5,29.172023882354026,1.3279761176459743
2022-10-19,30.760000228881836,28.66546330238164,2.094536926500197
2022-10-20,29.979999542236328,28.649962475573588,1.3300370666627401
2022-10-21,29.690000534057617,29.258543592979354,0.43145694107826316
2022-10-24,29.850000381469727,29.193468743099327,0.6565316383703994
2022-10-25,28.459999084472656,29.57589390534407,-1.1158948208714143
2022-10-26,27.280000686645508,29.103802163209036,-1.8238014765635278
2022-10-27,27.389999389648438,27.99955125577992,-0.6095518661314827
2022-10-28,25.75,28.25019341102389,-2.50019341102389
2022-10-31,25.8799991607666,27.360428982723782,-1.4804298219571805
2022-11-01,25.809999465942383,25.416080316798105,0.3939191491442777
2022-11-02,25.860000610351562,27.057948206913174,-1.1979475965616118
2022-11-03,25.299999237060547,27.075080628657272,-1.775081391596725
2022-11-04,24.549999237060547,25.344422600917234,-0.7944233638566871
2022-11-07,24.350000381469727,25.23956967945944,-0.8895692979897127
2022-11-08,25.540000915527344,25.021835171900797,0.5181657436265468
2022-11-09,26.09000015258789,26.385571094066762,-0.2955709414788714
2022-11-10,23.530000686645508,31.180229381646324,-7.650228695000816
2022-11-11,22.520000457763672,29.445579771632,-6.9255793138683295
2022-11-14,23.729999542236328,28.799183138178623,-5.069183595942295
2022-11-15,24.540000915527344,28.719534619805582,-4.179533704278239
2022-11-16,24.110000610351562,28.800108966976694,-4.690108356625132
2022-11-17,23.93000030517578,28.594361892650603,-4.664361587474822
2022-11-18,23.1200008392334,27.634981605400082,-4.514980766166683
2022-11-21,22.360000610351562,27.51429907936896,-5.154298469017398
2022-11-22,21.290000915527344,27.349084924030514,-6.05908400850317
2022-11-23,20.350000381469727,27.159307867099912,-6.809307485630185
2022-11-25,20.5,26.992845257337066,-6.492845257337066
2022-11-28,22.209999084472656,26.48132702969968,-4.271327945227025
2022-11-29,21.889999389648438,26.31906007683183,-4.429060687183391
2022-11-30,20.579999923706055,28.20797443707222,-7.627974513366166
2022-12-01,19.84000015258789,26.238949506072302,-6.3989493534844115
2022-12-02,19.059999465942383,25.747215684120324,-6.687216218177941
2022-12-05,20.75,26.704518321921718,-5.954518321921718
2022-12-06,22.170000076293945,27.27297021081502,-5.102970134521076
2022-12-07,22.68000030517578,27.261753873489177,-4.581753568313395
2022-12-08,22.290000915527344,26.009476010899885,-3.719475095372541
2022-12-09,22.829999923706055,17.833837502653985,4.99616242105207
2022-12-12,25.0,18.267178327426894,6.732821672573106
2022-12-13,22.549999237060547,18.121257234758108,4.428742002302439
2022-12-14,21.139999389648438,18.02510316133075,3.1148962283176864
2022-12-15,22.829999923706055,19.964247442130564,2.865752481575491
2022-12-16,22.6200008392334,20.29231059437756,2.3276902448558374
2022-12-19,22.420000076293945,20.34613392620028,2.0738661500936644
2022-12-20,21.479999542236328,20.35728694067558,1.1227126015607496
2022-12-21,20.06999969482422,20.487130139754566,-0.417130444930347
2022-12-22,21.969999313354492,20.780429811389915,1.1895695019645771
2022-12-23,20.8700008392334,20.984619107937604,-0.11461826870420566
2022-12-27,21.649999618530273,20.40982211187132,1.2401775066589522
2022-12-28,22.139999389648438,20.738279965362253,1.4017194242861848
2022-12-29,21.440000534057617,18.37365678522718,3.0663437488304375
2022-12-30,21.670000076293945,18.358554606234396,3.3114454700595495
2023-01-03,22.899999618530273,18.349120898148655,4.550878720381618
2023-01-04,22.010000228881836,17.82880262878122,4.181197600100617
2023-01-05,22.459999084472656,17.59227083942373,4.8677282450489265
2023-01-06,21.1299991607666,19.592196736927374,1.5378024238392278
2023-01-09,21.969999313354492,19.3634883511642,2.606510962190292
2023-01-10,20.579999923706055,19.39679025112289,1.183209672583164
2023-01-11,21.09000015258789,19.264173694765265,1.8258264578226253
2023-01-12,18.829999923706055,19.11246608303727,-0.28246615933121433
2023-01-13,18.350000381469727,19.05396013597666,-0.7039597545069327
2023-01-17,19.360000610351562,16.591054551483058,2.7689460588685044
2023-01-18,20.34000015258789,17.10432232643567,3.2356778261522194
2023-01-19,20.520000457763672,17.003650060572564,3.5163503971911076
2023-01-20,19.850000381469727,18.125894938787813,1.724105442681914
2023-01-23,19.809999465942383,17.877893782454915,1.9321056834874675
2023-01-24,19.200000762939453,16.844424672735673,2.3555760902037797
2023-01-25,19.079999923706055,16.82051138278493,2.259488540921126
2023-01-26,18.729999542236328,16.92538029691922,1.8046192453171095
2023-01-27,18.510000228881836,15.973222410097069,2.536777818784767
2023-01-30,19.940000534057617,16.166845294339666,3.7731552397179513
2023-01-31,19.399999618530273,16.640142457615514,2.759857160914759
2023-02-01,17.8700008392334,16.621589164953136,1.2484116742802627
2023-02-02,18.729999542236328,17.021275278819335,1.7087242634169932
2023-02-03,18.329999923706055,16.866335849979315,1.46366407372674
2023-02-06,19.43000030517578,15.745260638202478,3.6847396669733037
2023-02-07,18.65999984741211,16.081297552365942,2.578702295046167
2023-02-08,19.6299991607666,16.813627164154116,2.816371996612485
2023-02-09,20.709999084472656,16.810463926215856,3.8995351582568
2023-02-10,20.530000686645508,16.79660900871057,3.7333916779349394
2023-02-13,20.34000015258789,17.15323407221429,3.1867660803736015
2023-02-14,18.90999984741211,17.11391452024745,1.7960853271646577
2023-02-15,18.229999542236328,15.819942283187228,2.4100572590491005
2023-02-16,20.170000076293945,16.500100791950658,3.6698992843432876
2023-02-17,20.020000457763672,15.404586493387349,4.615413964376323
2023-02-21,22.8700008392334,16.660995099774038,6.209005739459361
2023-02-22,22.290000915527344,16.66677495274418,5.623225962783163
2023-02-23,21.139999389648438,16.786761354004323,4.3532380356441145
2023-02-24,21.670000076293945,16.656185209466713,5.013814866827232
2023-02-27,20.950000762939453,16.674040600166816,4.275960162772638
2023-02-28,20.700000762939453,16.09031772838751,4.609683034551942
2023-03-01,20.579999923706055,15.11083005206521,5.469169871640844
2023-03-02,19.59000015258789,14.843654339549667,4.746345813038223
2023-03-03,18.489999771118164,15.058406496102043,3.4315932750161213
2023-03-06,18.610000610351562,14.711633644885461,3.898366965466101
2023-03-07,19.59000015258789,15.486110370499064,4.103889782088826
2023-03-08,19.110000610351562,14.590430649995092,4.5195699603564705
2023-03-09,22.610000610351562,15.423818640699691,7.186181969651871
2023-03-10,24.799999237060547,15.864728944930778,8.935270292129768
2023-03-13,26.520000457763672,15.765244105637304,10.754756352126368
2023-03-14,23.729999542236328,16.44692613055632,7.283073411680007
2023-03-15,26.139999389648438,16.488537249217874,9.651462140430564
2023-03-16,22.989999771118164,17.929017795666578,5.060981975451586
2023-03-17,25.510000228881836,17.715290473762174,7.794709755119662
2023-03-20,24.149999618530273,18.14046704567998,6.0095325728502935
2023-03-21,21.3799991607666,17.42012926348505,3.95986989728155
2023-03-22,22.260000228881836,18.3972651462364,3.862735082645436
2023-03-23,22.610000610351562,18.31478656616682,4.295214044184743
2023-03-24,21.739999771118164,18.067511415982988,3.672488355135176
2023-03-27,20.600000381469727,18.042632218822387,2.5573681626473395
2023-03-28,19.969999313354492,18.01799526963551,1.9520040437189827
2023-03-29,19.1200008392334,18.59425858952059,0.5257422497128097
2023-03-30,19.020000457763672,18.51850373074018,0.5014967270234933
2023-03-31,18.700000762939453,18.344426378867603,0.3555743840718506
2023-04-03,18.549999237060547,18.373378248432196,0.17662098862835052
2023-04-04,19.0,17.53364522480113,1.4663547751988695
2023-04-05,19.079999923706055,17.588435887155963,1.4915640365500913
2023-04-06,18.399999618530273,15.955086214163039,2.4449134043672345
2023-04-10,18.969999313354492,14.671689073209887,4.298310240144605
2023-04-11,19.100000381469727,14.619530609708622,4.480469771761104
2023-04-12,19.09000015258789,13.967175202938497,5.122824949649393
2023-04-13,17.799999237060547,14.04838404034114,3.7516151967194062
2023-04-14,17.06999969482422,13.098211778181934,3.9717879166422847
2023-04-17,16.950000762939453,12.124169018549269,4.825831744390184
2023-04-18,16.829999923706055,11.933253443214731,4.896746480491323
2023-04-19,16.459999084472656,11.307421239094836,5.15257784537782
2023-04-20,17.170000076293945,9.489173604083728,7.680826472210217
2023-04-21,16.770000457763672,9.500704840021799,7.269295617741873
2023-04-24,16.889999389648438,9.42914194954874,7.460857440099698
2023-04-25,18.760000228881836,11.3903544760489,7.369645752832936
2023-04-26,18.84000015258789,11.491144657404696,7.348855495183194
2023-04-27,17.030000686645508,12.397198012230014,4.632802674415494
2023-04-28,15.779999732971191,12.546719264347644,3.2332804686235477
2023-05-01,16.079999923706055,11.592705994816619,4.487293928889436
2023-05-02,17.780000686645508,12.325355872016253,5.454644814629255
2023-05-03,18.34000015258789,12.407418508729663,5.932581643858228
2023-05-04,20.09000015258789,12.640358490928232,7.449641661659658
2023-05-05,17.190000534057617,14.229937060275374,2.9600634737822435
2023-05-08,16.979999542236328,14.228119615958562,2.7518799262777662
2023-05-09,17.709999084472656,14.335989666906702,3.3740094175659543
2023-05-10,16.940000534057617,14.32206913479836,2.617931399259257
2023-05-11,16.93000030517578,13.535267733328332,3.394732571847449
2023-05-12,17.030000686645508,13.527383916793333,3.5026167698521746
2023-05-15,17.1200008392334,13.516154783655388,3.6038460555780105
2023-05-16,17.989999771118164,13.686522032886053,4.303477738232111
2023-05-17,16.8700008392334,14.374658792482634,2.495342046750764
2023-05-18,16.049999237060547,14.555034116916547,1.4949651201440002
2023-05-19,16.809999465942383,14.577135317627429,2.2328641483149543
2023-05-22,17.209999084472656,14.57828601969719,2.6317130647754663
2023-05-23,18.530000686645508,13.955788046861137,4.5742126397843705
2023-05-24,20.030000686645508,14.167201526188133,5.862799160457374
2023-05-25,19.139999389648438,12.739318584380158,6.40068080526828
2023-05-26,17.950000762939453,13.237514494732538,4.712486268206915
2023-05-30,17.459999084472656,13.234994560376572,4.225004524096084
2023-05-31,17.940000534057617,12.699204322074827,5.24079621198279
2023-06-01,15.649999618530273,12.742186486181426,2.9078131323488474
2023-06-02,14.600000381469727,13.072518427500718,1.5274819539690085
2023-06-05,14.729999542236328,11.769693361587773,2.960306180648555
2023-06-06,13.960000038146973,11.763668092159921,2.196331945987051
2023-06-07,13.9399995803833,11.711817289065475,2.2281822913178253
2023-06-08,13.649999618530273,11.77903042848683,1.8709691900434429
2023-06-09,13.829999923706055,11.708320539025637,2.1216793846804176
2023-06-12,15.010000228881836,11.901034884173502,3.1089653447083343
2023-06-13,14.609999656677246,12.001674579174193,2.6083250775030535
2023-06-14,13.880000114440918,11.537527626568792,2.3424724878721257
2023-06-15,14.5,11.566398832785445,2.9336011672145546
2023-06-16,13.539999961853027,11.554977476028162,1.9850224858248655
2023-06-20,13.880000114440918,11.760395687058042,2.1196044273828765
2023-06-21,13.199999809265137,12.044539484874587,1.1554603243905497
2023-06-22,12.90999984741211,10.97574498276674,1.9342548646453697
2023-06-23,13.4399995803833,11.018244523725762,2.4217550566575383
2023-06-26,14.25,11.06793814259836,3.1820618574016404
2023-06-27,13.739999771118164,10.875327079389585,2.864672691728579
2023-06-28,13.430000305175781,10.885155492017931,2.54484481315785
2023-06-29,13.539999961853027,10.478368826723287,3.0616311351297405
2023-06-30,13.59000015258789,10.729705213196823,2.8602949393910677
2023-07-03,13.569999694824219,9.789344322943158,3.7806553718810605
2023-07-05,14.180000305175781,9.78744293857077,4.392557366605011
2023-07-06,15.4399995803833,10.400595688425906,5.039403891957395
2023-07-07,14.829999923706055,10.341824005561028,4.488175918145027
2023-07-10,15.069999694824219,10.20253717059529,4.8674625242289284
2023-07-11,14.84000015258789,10.379624705083678,4.460375447504212
2023-07-12,13.539999961853027,10.214424825601412,3.325575136251615
2023-07-13,13.609999656677246,10.334995847965565,3.2750038087116806
2023-07-14,13.34000015258789,10.373858537559519,2.9661416150283717
2023-07-17,13.479999542236328,9.642226764989555,3.837772777246773
2023-07-18,13.300000190734863,9.694549862859635,3.6054503278752286
2023-07-19,13.760000228881836,9.39905318336491,4.360947045516927
2023-07-20,13.989999771118164,9.568313671917695,4.421686099200469
2023-07-21,13.600000381469727,9.5590574835457,4.040942897924026
2023-07-24,13.90999984741211,8.910304681548798,4.9996951658633115
2023-07-25,13.859999656677246,8.538867464821177,5.321132191856069
2023-07-26,13.1899995803833,7.9397966944313865,5.250202885951914
2023-07-27,14.40999984741211,8.467002950519365,5.942996896892744
2023-07-28,13.329999923706055,8.894230764336642,4.435769159369412
2023-07-31,13.630000114440918,8.049597982645176,5.580402131795742
2023-08-01,13.930000305175781,8.18672636765185,5.743273937523931
2023-08-02,16.09000015258789,9.776238078179546,6.313762074408345
2023-08-03,15.920000076293945,9.316034585903832,6.603965490390113
2023-08-04,17.100000381469727,9.489974301068496,7.61002608040123
2023-08-07,15.770000457763672,9.90736272444217,5.8626377333215025
2023-08-08,15.989999771118164,9.863312154302589,6.126687616815575
2023-08-09,15.960000038146973,9.892655723095304,6.067344315051669
2023-08-10,15.850000381469727,9.374715130765408,6.475285250704319
2023-08-11,14.84000015258789,9.375091918417299,5.464908234170592
2023-08-14,14.819999694824219,9.512960822995034,5.307038871829185
2023-08-15,16.459999084472656,9.878536991539578,6.581462092933078
2023-08-16,16.780000686645508,10.019458449783706,6.760542236861802
2023-08-17,17.889999389648438,10.088538647743798,7.80146074190464
2023-08-18,17.299999237060547,10.076430049091325,7.223569187969222
2023-08-21,17.1299991607666,10.342614026519472,6.787385134247129
2023-08-22,16.969999313354492,10.20660063253712,6.763398680817373
2023-08-23,15.979999542236328,11.193245866214676,4.786753676021652
2023-08-24,17.200000762939453,11.876722306650702,5.323278456288751
2023-08-25,15.680000305175781,11.5160856102924,4.163914694883381
2023-08-28,15.079999923706055,11.825614782907113,3.2543851407989415
2023-08-29,14.449999809265137,13.126285024832498,1.3237147844326387
2023-08-30,13.880000114440918,12.267692282239784,1.6123078322011342
2023-08-31,13.569999694824219,12.245881744228548,1.3241179505956708
2023-09-01,13.09000015258789,12.090838527071575,0.9991616255163152
2023-09-05,14.010000228881836,11.753379638775467,2.256620590106369
2023-09-06,14.449999809265137,11.917909229528947,2.53209057973619
2023-09-07,14.399999618530273,11.708066751242136,2.6919328672881377
2023-09-08,13.84000015258789,11.721296609043655,2.1187035435442354
2023-09-11,13.800000190734863,11.960509099159072,1.8394910915757912
2023-09-12,14.229999542236328,11.955995980348844,2.2740035618874845
2023-09-13,13.479999542236328,11.189764668453108,2.29023487378322
2023-09-14,12.819999694824219,11.127778775278824,1.6922209195453952
2023-09-15,13.789999961853027,11.702195939586838,2.087804022266189
2023-09-18,14.0,11.695864463318978,2.304135536681022
2023-09-19,14.109999656677246,11.52851501906351,2.5814846376137357
2023-09-20,15.140000343322754,12.011921414827079,3.1280789284956754
2023-09-21,17.540000915527344,12.678649367757671,4.861351547769672
2023-09-22,17.200000762939453,11.82664257029143,5.373358192648023
2023-09-25,16.899999618530273,11.642770710450721,5.2572289080795525
2023-09-26,18.940000534057617,12.340539435488957,6.599461098568661
2023-09-27,18.219999313354492,10.795579159847739,7.4244201535067536
2023-09-28,17.34000015258789,10.978979270425873,6.361020882162018
2023-09-29,17.520000457763672,10.974752871488816,6.545247586274856
2023-10-02,17.610000610351562,10.902281544981165,6.707719065370398
2023-10-03,19.780000686645508,11.606057924872545,8.173942761772963
2023-10-04,18.579999923706055,12.14948909133554,6.430510832370516
2023-10-05,18.489999771118164,12.149550373016039,6.340449398102125
2023-10-06,17.450000762939453,13.076674863677043,4.37332589926241
2023-10-09,17.700000762939453,13.041945248298022,4.658055514641431
2023-10-10,17.030000686645508,13.173179522686546,3.856821163958962
2023-10-11,16.09000015258789,13.290961884382227,2.7990382682056634
2023-10-12,16.690000534057617,12.926964189739929,3.7630363443176886
2023-10-13,19.31999969482422,12.394511233839566,6.925488460984653
2023-10-16,17.209999084472656,13.08747230317138,4.122526781301277
2023-10-17,17.8799991607666,13.081806624033993,4.798192536732609
2023-10-18,19.219999313354492,13.508626475450317,5.711372837904175
2023-10-19,21.399999618530273,12.551852914443309,8.848146704086965
2023-10-20,21.709999084472656,13.257051372251114,8.452947712221542
2023-10-23,20.3700008392334,13.117754916499635,7.2522459227337635
2023-10-24,18.969999313354492,12.44237724853269,6.527622064821802
2023-10-25,20.190000534057617,13.411413575970851,6.778586958086766
2023-10-26,20.68000030517578,13.678147524022123,7.001852781153659
2023-10-27,21.270000457763672,13.71440516462141,7.555595293142263
2023-10-30,19.75,14.575448606368235,5.174551393631765
2023-10-31,18.139999389648438,14.05614188093891,4.083857508709528
2023-11-01,16.8700008392334,14.270199442440987,2.5998013967924116
2023-11-02,15.65999984741211,15.769380027134419,-0.10938017972230973
2023-11-03,14.90999984741211,15.568355678385101,-0.658355830972992
2023-11-06,14.890000343322754,15.430430551503903,-0.5404302081811494
2023-11-07,14.8100004196167,15.354717617985706,-0.5447171983690069
2023-11-08,14.449999809265137,15.28386182728385,-0.8338620180187135
2023-11-09,15.289999961853027,15.399244264025146,-0.10924430217211878
2023-11-10,14.170000076293945,16.21645704792373,-2.046456971629784
2023-11-13,14.760000228881836,15.827071352078592,-1.0670711231967562
2023-11-14,14.15999984741211,17.12547545978908,-2.96547561237697
2023-11-15,14.180000305175781,16.200148705485926,-2.020148400310145
2023-11-16,14.319999694824219,15.712473659699272,-1.3924739648750535
2023-11-17,13.800000190734863,14.657362498957156,-0.8573623082222923
2023-11-20,13.40999984741211,14.599384277837245,-1.189384430425136
2023-11-21,13.350000381469727,14.677520694218952,-1.3275203127492254
2023-11-22,12.850000381469727,13.093571802223472,-0.24357142075374583
2023-11-24,12.460000038146973,11.731450088998866,0.7285499491481069
2023-11-27,12.6899995803833,11.4599142455412,1.2300853348421015
2023-11-28,12.6899995803833,11.238007106651368,1.4519924737319325
2023-11-29,12.979999542236328,11.369451765227012,1.610547777009316
2023-11-30,12.920000076293945,11.117626336077672,1.8023737402162734
2023-12-01,12.630000114440918,9.670509790286818,2.9594903241540997
2023-12-04,13.079999923706055,9.826214709695275,3.2537852140107795
2023-12-05,12.850000381469727,9.879923857567398,2.9700765239023283
2023-12-06,12.970000267028809,10.114793281105731,2.8552069859230773
2023-12-07,13.0600004196167,10.329049805941402,2.7309506136752972
2023-12-08,12.350000381469727,9.58422820181176,2.765772179657967
2023-12-11,12.630000114440918,8.36522192238982,4.264778192051098
2023-12-12,12.069999694824219,8.317577669749214,3.7524220250750044
2023-12-13,12.1899995803833,7.046336784522063,5.143662795861238
2023-12-14,12.479999542236328,7.042312831302393,5.437686710933935
2023-12-15,12.279999732971191,7.084185605998837,5.195814126972355
2023-12-18,12.5600004196167,7.116367145789411,5.443633273827288
2023-12-19,12.529999732971191,6.996988344952951,5.533011388018241
2023-12-20,13.670000076293945,9.186709517955366,4.483290558338579
2023-12-21,13.649999618530273,9.645908604237448,4.004091014292825
2023-12-22,13.029999732971191,9.632131490849147,3.397868242122044
2023-12-26,12.989999771118164,9.536521868223478,3.4534779028946865
2023-12-27,12.430000305175781,9.528932601627906,2.9010677035478754
2023-12-28,12.470000267028809,9.478401199515716,2.991599067513093
2023-12-29,12.449999809265137,9.64846859432185,2.801531214943287
2024-01-02,13.199999809265137,9.927533508231164,3.2724663010339725
2024-01-03,14.039999961853027,10.213066737771214,3.826933224081813
2024-01-04,14.130000114440918,10.338291292840648,3.7917088216002703
2024-01-05,13.350000381469727,10.152509400339396,3.197490981130331
2024-01-08,13.079999923706055,10.8604477219531,2.219552201752954
2024-01-09,12.760000228881836,10.891698295164504,1.8683019337173317
2024-01-10,12.6899995803833,10.957239010039139,1.732760570344162
2024-01-11,12.4399995803833,10.933125955135015,1.5068736252482857
2024-01-12,12.699999809265137,9.952958659549635,2.7470411497155016
2024-01-16,13.84000015258789,10.054191509598109,3.7858086429897817
2024-01-17,14.789999961853027,10.28643816215877,4.503561799694257
2024-01-18,14.130000114440918,10.627254961598902,3.5027451528420155
2024-01-19,13.300000190734863,11.281680183998748,2.018320006736115
2024-01-22,13.1899995803833,9.676031901237774,3.5139676791455265
2024-01-23,12.550000190734863,9.141346037738346,3.408654152996517
2024-01-24,13.140000343322754,9.140976083416948,3.9990242599058057
2024-01-25,13.449999809265137,9.19319444067435,4.256805368590786
2024-01-26,13.260000228881836,9.217015696613819,4.042984532268017
2024-01-29,13.600000381469727,9.484984739601412,4.115015641868315
2024-01-30,13.3100004196167,9.382785277144547,3.9272151424721518
2024-01-31,14.350000381469727,11.06673103177443,3.2832693496952974
2024-02-01,13.880000114440918,11.212887118131759,2.667112996309159
2024-02-02,13.850000381469727,11.402497729282254,2.447502652187472
2024-02-05,13.670000076293945,11.59668883258513,2.0733112437088153
2024-02-06,13.0600004196167,10.77676764529438,2.28323277432232
2024-02-07,12.829999923706055,10.914139874306125,1.9158600493999298
2024-02-08,12.789999961853027,10.865245145235827,1.9247548166172006
2024-02-09,12.930000305175781,10.878863340218905,2.0511369649568767
2024-02-12,13.930000305175781,10.931993835637678,2.998006469538103
2024-02-13,15.850000381469727,12.189781494496579,3.660218886973148
2024-02-14,14.380000114440918,12.131108977606944,2.248891136833974
2024-02-15,14.010000228881836,11.978737704385619,2.031262524496217
2024-02-16,14.239999771118164,11.672425935580318,2.5675738355378463
2024-02-20,15.420000076293945,11.98508135206548,3.4349187242284653
2024-02-21,15.34000015258789,11.969358481769124,3.3706416708187668
2024-02-22,14.539999961853027,13.860311020701566,0.6796889411514613
2024-02-23,13.75,13.826293308008738,-0.07629330800873824
2024-02-26,13.739999771118164,13.949151121964837,-0.2091513508466729
2024-02-27,13.430000305175781,13.783755294295668,-0.3537549891198868
2024-02-28,13.84000015258789,13.810271477036157,0.029728675551734085
2024-02-29,13.399999618530273,12.168356554279246,1.2316430642510277
